firstname,lastname,email,company_name,company_email
Patricia,Burns,dmartinez@gmail.com,Lucas Inc,info@york-moore.net
Matthew,Acevedo,henrytammy@gmail.com,Harris-Smith,info@hunter-roberts.org
Chad,Caldwell,riveracory@yahoo.com,Richard-Espinoza,info@warren.com
Sarah,Morse,garyharris@yahoo.com,Scott-Hardy,info@scott.com
Jennifer,Lopez,ihawkins@gmail.com,Rose-Brown,info@hill.com
Robert,Fox,kristin20@yahoo.com,"Drake, Reid and Kim",info@carter-salazar.net
Amber,Murphy,jasonneal@yahoo.com,Nelson Ltd,info@hunt.net
Sarah,Patel,amanda89@yahoo.com,Smith Inc,info@murray-alexander.com
Darren,Davis,vickieshaw@hotmail.com,"Henderson, Smith and Page",info@reyes-mullen.com
Nicholas,Holland,christina10@hotmail.com,Wise-Bennett,info@knight.com
Michael,Stuart,kyle31@hotmail.com,Ibarra-Davis,info@scott.org
Edward,Lowe,michaelbryant@yahoo.com,Montgomery-Gilbert,info@page-love.org
Stephanie,Combs,foxkayla@gmail.com,Owens and Sons,info@williams-williams.com
David,Watson,vasquezsharon@hotmail.com,Callahan-Howell,info@nolan.com
Steven,Murray,edward52@gmail.com,Taylor PLC,info@wiley.net
Lori,Camacho,sabrinaobrien@yahoo.com,Johnson-Perkins,info@hahn.com
Victoria,Duran,bcarter@hotmail.com,Sherman-Anthony,info@barnett.com
Jacob,Holmes,tammy33@gmail.com,Kirby-Garcia,info@harris.com
Monica,Rowe,david89@gmail.com,"Mccullough, Daugherty and Murphy",info@vasquez-wilcox.com
Jacob,Flowers,hoffmanjennifer@hotmail.com,Johnson Group,info@williams.org
Andrea,Hall,john27@yahoo.com,Vargas LLC,info@clark.biz
Dustin,Sandoval,kdaniels@hotmail.com,Casey Group,info@perry-moore.com
Erica,Hampton,dsmith@yahoo.com,Rangel and Sons,info@taylor.com
Kimberly,Tran,finleybenjamin@yahoo.com,"Walker, Barry and Moore",info@walsh.info
Christopher,Lester,hayescarlos@gmail.com,Robbins-Flores,info@jones-rodriguez.com
Michelle,Madden,ashleytaylor@hotmail.com,Moore LLC,info@schultz.com
Phillip,Medina,kochkelsey@gmail.com,Carter-Davis,info@walsh.com
Desiree,Martinez,bfarley@hotmail.com,Weaver-Stewart,info@ayala-foster.net
Mark,Carpenter,jack01@hotmail.com,"Roach, Martinez and Williams",info@reyes.com
Richard,Buck,brooke16@hotmail.com,Bush Inc,info@rocha.com
Steven,Bush,evansbrittany@gmail.com,Stewart Inc,info@lowe.info
William,Kim,amyweaver@yahoo.com,Thomas-Rodriguez,info@olson.com
Mary,Scott,courtney85@hotmail.com,"York, Tucker and Mason",info@johnson.com
Randall,Myers,ryansteele@yahoo.com,Jimenez Inc,info@carter-nash.biz
Maria,Meyer,williampatterson@hotmail.com,"Underwood, Banks and Lindsey",info@chandler.org
Jonathan,Booth,lisa36@hotmail.com,Allen Group,info@newman.org
Rebecca,Richards,wwalls@hotmail.com,Gray Ltd,info@ruiz.com
Jennifer,Dunn,william52@gmail.com,"Brown, Wilson and Hall",info@roman.com
Joshua,Graham,schneidermegan@gmail.com,"Jones, Roy and Knox",info@meyers-moran.com
Matthew,Hunter,jaime52@hotmail.com,"Patterson, Rodriguez and Contreras",info@thompson-buckley.com
Thomas,Wilkinson,michael72@gmail.com,"Jones, Mercado and Taylor",info@walsh-benitez.com
Ashley,Sweeney,gsmith@yahoo.com,"Miller, Jarvis and Boyd",info@smith.biz
Timothy,Duke,kruegerdebra@hotmail.com,Martinez LLC,info@hart.biz
Alicia,Bush,thomasnicholas@yahoo.com,Houston Ltd,info@miller-strickland.biz
Bobby,Scott,evan49@gmail.com,Mcgee-Vaughn,info@ramirez.com
Steven,Lopez,ramirezjennifer@yahoo.com,"Russell, White and Gilbert",info@taylor.biz
Tiffany,Walton,briannabenjamin@hotmail.com,"Anderson, Joyce and Rogers",info@jordan-hayes.biz
Michael,Mitchell,alicia35@gmail.com,"Cole, Rivas and Aguilar",info@holmes-zhang.com
Barbara,Molina,morriskatherine@yahoo.com,Martin-Huynh,info@anderson-rivera.org
Nicole,Vasquez,hbeltran@gmail.com,"Thompson, Mccoy and Brown",info@english.com
Taylor,Combs,wilsonalex@yahoo.com,Thomas LLC,info@moore-nelson.com
Brianna,Blair,natalie51@hotmail.com,Vega Ltd,info@hernandez-gomez.com
Pamela,Rogers,marc36@gmail.com,"Luna, Sanchez and Burke",info@martin-cox.com
Denise,Harris,laurenedwards@yahoo.com,Anderson and Sons,info@franco.com
Amanda,Miller,velasquezbrittany@hotmail.com,Fernandez LLC,info@hill-fisher.com
Melissa,Smith,zjones@yahoo.com,"Young, Green and Collins",info@thomas-kim.com
Amanda,Berry,melliott@hotmail.com,Bishop Ltd,info@knapp.com
Juan,Roberts,shanekelly@gmail.com,"Adams, Benson and Tucker",info@fisher.com
Caitlin,Harris,manuel80@hotmail.com,Lee Ltd,info@weber-wells.com
Danielle,Daniels,patricia62@yahoo.com,"Powell, Coleman and Johnson",info@gonzalez.com
Christine,Long,rodriguezjoel@gmail.com,"Powell, Smith and Ellis",info@brown-gonzalez.net
Brian,Avery,bradleycopeland@gmail.com,Reed-Williams,info@washington.info
Zachary,Ruiz,sherylrogers@hotmail.com,"White, Bartlett and Welch",info@allen-sullivan.biz
Manuel,Simmons,ryanknight@yahoo.com,Wright-Murillo,info@glass.biz
James,Swanson,jamessmith@hotmail.com,Davila-Mendoza,info@white.biz
David,Armstrong,wware@hotmail.com,Watson-Miller,info@carr-reid.com
Donna,Robinson,suzannevega@yahoo.com,"Khan, Campbell and Cook",info@dixon.org
Margaret,Hernandez,lisa86@gmail.com,Williams-Lam,info@velez-wilson.biz
Isaiah,Owens,joshuawatson@hotmail.com,"Campbell, Hunter and Olson",info@johnson.com
Tommy,Mays,lmartin@yahoo.com,Davidson and Sons,info@smith.com
Shane,Thompson,sarahcollins@hotmail.com,"Jackson, Clark and Hill",info@hudson.com
Melissa,Johnson,xanderson@yahoo.com,Green-Jackson,info@mills.com
Benjamin,Conner,melissapena@hotmail.com,Landry Ltd,info@bryant.biz
Nicole,Cummings,edwardpage@gmail.com,Riley PLC,info@little.com
Valerie,Burch,rmiller@yahoo.com,"Cook, Long and Garner",info@willis-jefferson.biz
Alice,Long,fkidd@hotmail.com,"Gonzales, Willis and Jones",info@wade-barnes.org
Brian,Moody,ryan83@hotmail.com,Horne-Dixon,info@stewart.com
Emily,Wells,johnsonbridget@gmail.com,"Morgan, Rodgers and Austin",info@summers-adams.com
Elizabeth,King,ann21@gmail.com,"Brown, Stevenson and Hill",info@hamilton-schneider.com
Jackson,Romero,gavin04@hotmail.com,Waters-Gonzalez,info@burnett-powell.biz
James,Horne,anthony61@hotmail.com,Ford Group,info@lutz.com
Donna,Jackson,hallbrittany@hotmail.com,Lyons-Kirby,info@guerrero-anderson.com
Alison,Adams,jamesmartinez@gmail.com,Clark LLC,info@cox-anderson.net
Darryl,Gonzalez,matthew95@gmail.com,Cooper-Haynes,info@freeman.info
Craig,Jensen,brennanhannah@yahoo.com,Keller-Williams,info@oneill.com
Michelle,Hunter,garrettjohnson@yahoo.com,"Camacho, Brock and Coffey",info@norris-phillips.info
Michael,Hobbs,reyestyler@hotmail.com,Chapman Inc,info@faulkner.biz
Christine,Hoffman,matthew08@yahoo.com,Small-Castro,info@chavez.com
Dorothy,Johnson,christophersmith@yahoo.com,"Smith, Douglas and Riley",info@cross.com
Christine,Charles,owenslauren@hotmail.com,"Torres, Ryan and Harris",info@pham-brown.net
Kaitlyn,Bishop,fwhite@hotmail.com,Hunter-Cunningham,info@crosby-greene.com
Joseph,Livingston,caldwellthomas@gmail.com,"Carroll, Miller and Horn",info@hansen.com
David,Sanders,jerry10@gmail.com,Meyer-Shepherd,info@simpson.com
Steven,Scott,ashleyweber@yahoo.com,"Hernandez, Richards and Clark",info@stephens.com
Joanne,Santos,tbarrett@hotmail.com,Estrada-Haynes,info@mcdonald.com
Jennifer,Stafford,howardruth@gmail.com,Freeman-Wood,info@singh-williams.com
Benjamin,Harris,bellbrian@yahoo.com,Pierce LLC,info@miller-griffin.info
William,Davis,hobbsmike@hotmail.com,Santos-Berry,info@russo-watkins.biz
Rachel,Snow,aaron06@yahoo.com,Oconnell-Jones,info@perez.org
Crystal,Shepherd,nhiggins@gmail.com,Fletcher and Sons,info@rollins.com
