firstname,lastname,email,phone,address,city,country
Carlos,Powell,anthonysmith@gmail.com,511.629.6896,422 Jackson Hills,New Alison,Antarctica (the territory South of 60 deg S)
Madison,Esparza,johncalhoun@hotmail.com,6957298835,852 Stewart Causeway Suite 145,Erikamouth,Hungary
Holly,Lewis,jamesboyd@gmail.com,001-568-293-0014x6924,36992 Jeffrey Village,Liuton,North Macedonia
Jeffrey,Lin,william54@yahoo.com,001-476-897-7245,889 Anthony Tunnel,New Biancaton,Albania
Kelsey,Zimmerman,martinezjacob@gmail.com,001-363-438-8781x4935,62494 Mitchell Road,Caldwellmouth,Japan
April,Fields,franciscophillips@yahoo.com,001-244-892-5480x2026,03660 Latoya Expressway,Clarkburgh,Cambodia
Krista,Waters,hannahtaylor@gmail.com,(505)930-4557,307 Samantha Junctions,West Joshua,Wallis and Futuna
Melanie,Hull,diazandrew@gmail.com,790.266.5402x5858,480 Christopher Plaza Suite 057,Sellersburgh,Netherlands Antilles
Caroline,Simpson,gravesrachel@hotmail.com,869.911.4681,5989 Garcia Lodge Apt. 051,Mckayborough,Seychelles
Jordan,Gill,john65@gmail.com,297.398.7536x05930,9505 Brenda Views Suite 021,Destinymouth,Angola
Cynthia,Lopez,michael50@yahoo.com,(536)521-5171,9282 Nichole Stream Apt. 268,Priceshire,Iceland
Jade,Barrett,morganwhite@gmail.com,001-786-284-7866x5579,17956 Francis Roads,Adamstad,Egypt
Beth,Chavez,deborahanderson@hotmail.com,937-522-3928x6079,4993 Mary Forest Suite 453,Pamelaville,France
Amber,Hayes,emorgan@yahoo.com,(646)257-7197x00964,402 Johnson Well Suite 489,New Donnaville,Wallis and Futuna
Larry,Davis,lisathomas@yahoo.com,4772870031,030 Luna Parkways,Carolynburgh,Western Sahara
Robert,Nelson,summerssteven@yahoo.com,001-911-351-0243x6280,739 Benitez Road Suite 634,Port Christinatown,Madagascar
Jeffrey,Clarke,jennifer38@hotmail.com,001-290-897-7589x7917,93208 Jessica Mountains,Taylorbury,Guyana
Julia,Knapp,kaitlinanderson@hotmail.com,536-807-7635x432,38830 Davis Flats Apt. 386,South Rebeccamouth,Luxembourg
Brian,Flores,jared03@yahoo.com,001-701-721-9347x9319,834 Joshua Throughway Apt. 697,Guzmanton,Afghanistan
Kirk,Thompson,susan13@yahoo.com,449-550-4272x23291,023 Joseph Gardens,Anthonyhaven,Saint Barthelemy
Lindsey,Clements,jill48@hotmail.com,832-897-5125,965 Gillespie Center,Lynnchester,Cyprus
Reginald,Brown,phancock@hotmail.com,8796270284,94511 Richard Creek Suite 068,Jeremyfort,Portugal
Christopher,Trevino,crawfordcaitlin@gmail.com,001-353-386-4089x13595,275 Devin Views Apt. 693,Toddborough,El Salvador
Gary,Moore,davidjessica@gmail.com,555.506.0274x07430,097 Gregory Port Apt. 208,West Christina,Reunion
David,Lopez,mariajohnson@yahoo.com,494-625-9757,98694 Jorge Shore,Port Lauraville,Uzbekistan
Christopher,Clark,owiley@yahoo.com,(665)299-3486,880 Jackson Neck Suite 703,West Annette,Bhutan
Mary,Wright,johnstonamber@yahoo.com,923-341-6386,13321 Richards Light,Jenniferton,Denmark
George,Williams,ugarcia@hotmail.com,346-271-6549x052,01512 Hartman Extensions,Millerfurt,Grenada
Robert,Davis,duranchristine@hotmail.com,564.641.1932x1695,574 Kimberly Hills Suite 911,West Janice,Haiti
Melissa,Johnson,kevinduncan@gmail.com,001-440-281-1859x25059,751 Lucas Pike Suite 829,North Kenneth,United States Virgin Islands
Lisa,Doyle,jerryharris@hotmail.com,829-341-3388,9903 Tiffany Plains Apt. 623,Andersonburgh,Slovenia
Jason,Yu,judygray@yahoo.com,+1-341-813-6466x193,090 Collins Square Suite 088,Port Tommy,Haiti
Edward,Pearson,debra34@gmail.com,232.314.2350,3818 Michael Inlet,Scottmouth,Saudi Arabia
Scott,Hernandez,douglas14@gmail.com,247.264.6581,9101 Jody Haven,New Susan,Tanzania
Joshua,Martinez,butlertrevor@gmail.com,(247)548-2964x846,477 Terrell Drives Apt. 490,Sullivanbury,Guyana
Craig,Conrad,jasonpowell@yahoo.com,896.959.7743x1944,7778 Jessica Harbor,Warnerside,Estonia
Stacy,Stephens,kevin39@gmail.com,645.936.2697x6249,8649 Jacqueline Vista Apt. 092,Pachecoborough,Tonga
Matthew,Harris,veronica22@yahoo.com,001-403-200-0249,17528 Alicia Cliff Suite 436,North Ericfurt,Cyprus
James,Guzman,qstone@yahoo.com,001-453-479-8867,077 Rodriguez Extension Apt. 172,Boyleton,Nicaragua
Lindsey,Logan,audrey96@yahoo.com,280.290.7938,305 Sanchez Estate Suite 217,Derektown,Croatia
Stephanie,Solomon,ethan65@hotmail.com,001-665-672-8980x709,1375 Frederick Court,South Thomas,Norway
Wendy,Cain,pcook@yahoo.com,830.887.3397,493 Cortez Key Suite 323,Chandlerland,Dominica
Wendy,Hodges,osbornepamela@yahoo.com,+1-769-245-1880x626,784 Johnson Port Apt. 559,Hartberg,Solomon Islands
Michael,Chang,agonzalez@yahoo.com,001-867-476-0782x0937,19167 Beck Hollow,Olsonhaven,Benin
Kimberly,Bradley,richardsamanda@yahoo.com,(831)360-1433x5897,4496 Larsen Fords Apt. 711,North Sandra,Madagascar
James,Hernandez,christopherwilson@yahoo.com,+1-219-919-3005,1198 Elizabeth Camp Apt. 492,Port Leahmouth,Bouvet Island (Bouvetoya)
Tanya,Wong,alecvelasquez@hotmail.com,7342521526,442 Kenneth Plains,Collinsfort,Sweden
Susan,Hogan,wwalter@gmail.com,001-325-845-7320x404,65325 Lee Viaduct Apt. 526,West Angelaberg,Finland
Juan,Mcneil,bbrown@hotmail.com,(537)615-9305x666,0401 Sarah Turnpike,Nicholasfort,Malta
Stacey,Smith,nmills@gmail.com,494.352.8007,658 Alexander Brook Apt. 543,Santiagoshire,Tunisia
David,Carroll,amysimon@yahoo.com,476.927.0781x097,45566 Jeremy Plain Apt. 430,Alvareztown,Reunion
Bailey,Reed,danielle06@hotmail.com,(887)426-6488x8783,2381 Dylan Roads,West Kevinview,Grenada
Ryan,Mclaughlin,vasquezjeffery@yahoo.com,694.793.5996x5301,2667 Leslie Valleys,Lake Anthonyborough,Pitcairn Islands
Thomas,Bailey,chobbs@gmail.com,999.647.7223x126,923 Luis Row Suite 116,Martinezberg,Ukraine
Teresa,Murray,jeffrey80@hotmail.com,001-279-284-7474x2938,60430 Matthew Mills Apt. 074,Port Mitchellton,Bahamas
Michael,Ashley,mosestyler@hotmail.com,001-344-994-4813x070,2885 Meyer Junction Suite 746,Sierramouth,Ireland
Nancy,Perez,gabrielathompson@hotmail.com,6586873937,0170 Franco Rapids,North Julianton,Fiji
Bradley,Case,lglover@gmail.com,683.572.0486,6985 Banks Station Suite 243,Lake Daniel,Portugal
Christopher,Smith,brittany95@gmail.com,788.589.7733,974 Victoria Coves,Mariemouth,Angola
Glenda,Gomez,villalee@hotmail.com,732-465-1733x5753,023 Jacobs Way,North Emily,Andorra
Michael,Dixon,brooksrebecca@yahoo.com,929.412.5469,06597 Robyn Crossing,Annettestad,Andorra
Reginald,Williams,richardmichael@yahoo.com,+1-673-769-4066x236,430 Daniel Mills Suite 219,Nelsonmouth,Qatar
Denise,Miller,tiffany65@yahoo.com,(480)317-3306,3365 Hamilton Ranch Apt. 548,New Sharonside,Bhutan
Elizabeth,Davis,mark04@hotmail.com,452-578-7210x78768,38790 Clark Loop Apt. 636,West David,Uzbekistan
Michelle,Daniel,tinacabrera@yahoo.com,001-931-831-7496x53346,231 Savage Row Apt. 704,Lake Michaelfurt,Madagascar
Jessica,Robinson,ronald06@hotmail.com,001-927-356-0717,316 Joseph Estates,New Jeffery,American Samoa
Ashley,Terry,sharris@gmail.com,(921)693-5154x93086,88938 Mcdonald Drive,South Dawn,Turkey
Matthew,Vega,tbowers@yahoo.com,(449)284-8449x646,87137 Justin Gardens Suite 696,East Tamara,Guam
Jimmy,Adams,agilmore@hotmail.com,001-948-770-2208x861,32271 Hill Road Suite 701,Lake Julieville,Puerto Rico
Brian,Guzman,sotoamy@yahoo.com,(952)973-2888x83873,85566 Rogers Knolls,North Amy,Greece
Haley,Rollins,derrickdavis@hotmail.com,+1-998-488-5658,3264 Brian Village,Danielbury,Solomon Islands
Ronald,Lee,wilkinsonkenneth@hotmail.com,556.820.0747,4809 Thomas Coves Suite 418,Silvaborough,United States of America
George,Perez,williamjames@hotmail.com,765.857.0197,871 Wendy Route Apt. 033,Jessicaburgh,Jordan
Amy,Lopez,efoster@hotmail.com,001-745-570-1175x20259,435 Lance Plaza Suite 687,Kellyview,Georgia
Steven,Pham,smithmaria@yahoo.com,671-402-4909,103 Wise Dam Suite 305,Currybury,China
Holly,Gomez,martha32@gmail.com,580.642.3736x761,962 Ashley Manor,South Mary,Cuba
Jennifer,Andrews,barrerataylor@hotmail.com,001-951-443-4476x17638,173 Rodriguez Trail,Sotoberg,Algeria
Sydney,Gibson,ashleybryant@gmail.com,(253)463-0220,174 Rodriguez Glens,North Hannah,Taiwan
Melissa,Butler,apena@gmail.com,001-210-544-6595x940,98276 Brenda Fields Suite 339,South Erin,United States Virgin Islands
Christine,Meyer,julia68@yahoo.com,001-763-716-4168x7667,7345 Steven Overpass,New Jacobshire,Tonga
Lisa,Moses,troyespinoza@gmail.com,584-647-8253x01516,6735 Dana Mews Apt. 072,Kevinmouth,Yemen
Don,Lee,tylerharrington@yahoo.com,001-685-330-0753x45733,6838 Tanya Square,Bobbymouth,Portugal
Lauren,Ayers,james27@yahoo.com,436-353-2220x47945,47016 Sanders Dale Suite 772,Khanburgh,Bahrain
Joshua,Beck,stevenjones@gmail.com,(567)663-9043,081 Kennedy Fall,Keithbury,Brunei Darussalam
Mandy,Stuart,stephanie57@yahoo.com,+1-623-632-7483x410,915 Jocelyn Points Apt. 580,New Maria,Somalia
Kristina,Torres,xsmith@hotmail.com,648.258.1047,292 Nicholson Point Suite 152,Patriciaport,Benin
Joseph,Lutz,william99@yahoo.com,(634)773-8174x08940,61786 Eric Via,New Daniellemouth,Dominica
Anna,Yates,chadjohnson@yahoo.com,001-863-890-4139x280,908 Stephen Mountain,Greenmouth,American Samoa
Nicolas,Ramirez,carlsonstephanie@yahoo.com,917.225.3952,456 Anderson Squares,Watsonberg,Saint Martin
William,Martinez,joel49@hotmail.com,(277)936-0069x1446,0482 Kayla Glen Suite 370,South Samuelborough,Cambodia
Rebecca,Woodard,miajones@hotmail.com,+1-333-712-8433x2716,76244 Jack Lights,Johnsonmouth,Greece
Lisa,Brown,sgriffin@hotmail.com,630-609-8651x096,83125 David Ways Apt. 987,Robinfurt,Gibraltar
Candace,Strickland,martha97@gmail.com,(281)243-7318x91944,7755 Santos Parkway Suite 462,West Grace,Netherlands Antilles
Rachel,Curtis,karen64@hotmail.com,(926)522-5286x829,2250 Turner Land,Garciachester,Denmark
Melinda,Hebert,morrisontheresa@yahoo.com,259-377-2743x7205,09982 Jeffrey Plains Apt. 007,Johnberg,Sudan
Lisa,Mccarthy,hinesbetty@yahoo.com,3283447306,4997 Christine Gardens Apt. 376,Walkerton,Greenland
Joshua,Graves,qnguyen@gmail.com,508.283.2188,7155 Joseph Hills Apt. 508,Barrhaven,Congo
Adrian,Jimenez,ryancynthia@gmail.com,8358218109,385 Alyssa Union,Lake Karenview,El Salvador
Christina,Tucker,matthewwilliams@hotmail.com,772.582.1381x8974,533 Jordan Street,West Kimberly,Albania
Sarah,Rowe,amyjones@yahoo.com,001-511-276-2057x37883,27139 Melissa Curve Suite 923,Griffinton,Ireland
